{
    "@graph":[
        {
            "@id":"http://www.openkg.cn/COVID-19/event/class/C0",
            "@type":"http://www.w3.org/2000/01/rdf-schema#Class",
            "label":{
                "@language":"zh",
                "@value":"事件"
            }
        },
        {
            "@id":"http://www.openkg.cn/COVID-19/event/class/C1",
            "@type":"http://www.w3.org/2000/01/rdf-schema#Class",
            "label":{
                "@language":"zh",
                "@value":"公共卫生事件"
            },
            "subClassOf":"http://www.openkg.cn/COVID-19/event/class/C0"
        },
        {
            "@id":"http://www.openkg.cn/COVID-19/event/class/C2",
            "@type":"http://www.w3.org/2000/01/rdf-schema#Class",
            "label":{
                "@language":"zh",
                "@value":"新型冠状病毒事件"
            },
            "subClassOf":"http://www.openkg.cn/COVID-19/event/class/C1"
        },
        {
            "@id":"http://www.openkg.cn/COVID-19/event/class/C3",
            "@type":"http://www.w3.org/2000/01/rdf-schema#Class",
            "label":{
                "@language":"zh",
                "@value":"国家政策事件"
            },
            "subClassOf":"http://www.openkg.cn/COVID-19/event/class/C0"
        },
        {
            "@id":"http://www.openkg.cn/COVID-19/event/property/P0",
            "@type":"http://www.w3.org/1999/02/22-rdf-syntax-ns#Property",
            "domain":"http://www.openkg.cn/COVID-19/event/class/C2",
            "label":{
                "@language":"zh",
                "@value":"标题"
            },
            "range":"http://www.w3.org/2001/XMLSchema#string"
        },
        {
            "@id":"http://www.openkg.cn/COVID-19/event/property/P1",
            "@type":"http://www.w3.org/1999/02/22-rdf-syntax-ns#Property",
            "domain":"http://www.openkg.cn/COVID-19/event/class/C2",
            "label":{
                "@language":"zh",
                "@value":"发布时间"
            },
            "range":"http://www.w3.org/2001/XMLSchema#date"
        },
        {
            "@id":"http://www.openkg.cn/COVID-19/event/property/P2",
            "@type":"http://www.w3.org/1999/02/22-rdf-syntax-ns#Property",
            "domain":"http://www.openkg.cn/COVID-19/event/class/C2",
            "label":{
                "@language":"zh",
                "@value":"创建时间"
            },
            "range":"http://www.w3.org/2001/XMLSchema#date"
        },
        {
            "@id":"http://www.openkg.cn/COVID-19/event/property/P3",
            "@type":"http://www.w3.org/1999/02/22-rdf-syntax-ns#Property",
            "domain":"http://www.openkg.cn/COVID-19/event/class/C2",
            "label":{
                "@language":"zh",
                "@value":"修改时间"
            },
            "range":"http://www.w3.org/2001/XMLSchema#date"
        },
        {
            "@id":"http://www.openkg.cn/COVID-19/event/property/P4",
            "@type":"http://www.w3.org/1999/02/22-rdf-syntax-ns#Property",
            "domain":"http://www.openkg.cn/COVID-19/event/class/C2",
            "label":{
                "@language":"zh",
                "@value":"事件地点ID"
            },
            "range":"http://www.w3.org/2001/XMLSchema#integer"
        },
        {
            "@id":"http://www.openkg.cn/COVID-19/event/property/P17",
            "@type":"http://www.w3.org/1999/02/22-rdf-syntax-ns#Property",
            "domain":"http://www.openkg.cn/COVID-19/event/class/C2",
            "label":{
                "@language":"zh",
                "@value":"简介"
            },
            "range":"http://www.w3.org/2001/XMLSchema#string"
        },
        {
            "@id":"http://www.openkg.cn/COVID-19/event/property/P18",
            "@type":"http://www.w3.org/1999/02/22-rdf-syntax-ns#Property",
            "domain":"http://www.openkg.cn/COVID-19/event/class/C2",
            "label":{
                "@language":"zh",
                "@value":"网址"
            },
            "range":"http://www.w3.org/2001/XMLSchema#string"
        },
        {
            "@id":"http://www.openkg.cn/COVID-19/event/property/P18",
            "@type":"http://www.w3.org/1999/02/22-rdf-syntax-ns#Property",
            "domain":"http://www.openkg.cn/COVID-19/event/class/C2",
            "label":{
                "@language":"zh",
                "@value":"消息来源"
            },
            "range":"http://www.w3.org/2001/XMLSchema#string"
        },
        {
            "@id":"http://www.openkg.cn/COVID-19/event/property/P20",
            "@type":"http://www.w3.org/1999/02/22-rdf-syntax-ns#Property",
            "domain":"http://www.openkg.cn/COVID-19/event/class/C2",
            "label":{
                "@language":"zh",
                "@value":"之前发生"
            },
            "range":"http://www.openkg.cn/COVID-19/event/class/C2"
        },{
            "@id":"http://www.openkg.cn/COVID-19/event/property/P6",
            "@type":"http://www.w3.org/1999/02/22-rdf-syntax-ns#Property",
            "domain":"http://www.openkg.cn/COVID-19/event/class/C3",
            "label":{
                "@language":"zh",
                "@value":"政策标题"
            },
            "range":"http://www.w3.org/2001/XMLSchema#string"
        },{
            "@id":"http://www.openkg.cn/COVID-19/event/property/P7",
            "@type":"http://www.w3.org/1999/02/22-rdf-syntax-ns#Property",
            "domain":"http://www.openkg.cn/COVID-19/event/class/C3",
            "label":{
                "@language":"zh",
                "@value":"政策发布日期"
            },
            "range":"http://www.w3.org/2001/XMLSchema#date"
        },{
            "@id":"http://www.openkg.cn/COVID-19/event/property/P8",
            "@type":"http://www.w3.org/1999/02/22-rdf-syntax-ns#Property",
            "domain":"http://www.openkg.cn/COVID-19/event/class/C3",
            "label":{
                "@language":"zh",
                "@value":"政策成文日期"
            },
            "range":"http://www.w3.org/2001/XMLSchema#date"
        },{
            "@id":"http://www.openkg.cn/COVID-19/event/property/P9",
            "@type":"http://www.w3.org/1999/02/22-rdf-syntax-ns#Property",
            "domain":"http://www.openkg.cn/COVID-19/event/class/C3",
            "label":{
                "@language":"zh",
                "@value":"政策发文机构"
            },
            "range":"http://www.w3.org/2001/XMLSchema#string"
        },{
            "@id":"http://www.openkg.cn/COVID-19/event/property/P10",
            "@type":"http://www.w3.org/1999/02/22-rdf-syntax-ns#Property",
            "domain":"http://www.openkg.cn/COVID-19/event/class/C3",
            "label":{
                "@language":"zh",
                "@value":"政策发文字号"
            },
            "range":"http://www.w3.org/2001/XMLSchema#string"
        },{
            "@id":"http://www.openkg.cn/COVID-19/event/property/P11",
            "@type":"http://www.w3.org/1999/02/22-rdf-syntax-ns#Property",
            "domain":"http://www.openkg.cn/COVID-19/event/class/C3",
            "label":{
                "@language":"zh",
                "@value":"政策对象"
            },
            "range":"http://www.w3.org/2001/XMLSchema#string"
        },{
            "@id":"http://www.openkg.cn/COVID-19/event/property/P12",
            "@type":"http://www.w3.org/1999/02/22-rdf-syntax-ns#Property",
            "domain":"http://www.openkg.cn/COVID-19/event/class/C3",
            "label":{
                "@language":"zh",
                "@value":"政策依据"
            },
            "range":"http://www.w3.org/2001/XMLSchema#string"
        },{
            "@id":"http://www.openkg.cn/COVID-19/event/property/P13",
            "@type":"http://www.w3.org/1999/02/22-rdf-syntax-ns#Property",
            "domain":"http://www.openkg.cn/COVID-19/event/class/C3",
            "label":{
                "@language":"zh",
                "@value":"政策落款"
            },
            "range":"http://www.w3.org/2001/XMLSchema#string"
        },
        {
            "@id":"http://www.openkg.cn/COVID-19/event/property/P14",
            "@type":"http://www.w3.org/1999/02/22-rdf-syntax-ns#Property",
            "domain":"http://www.openkg.cn/COVID-19/event/class/C3",
            "label":{
                "@language":"zh",
                "@value":"政策有关事项"
            },
            "range":"http://www.w3.org/2001/XMLSchema#string"
        },
        {
            "@id":"http://www.openkg.cn/COVID-19/event/property/P15",
            "@type":"http://www.w3.org/1999/02/22-rdf-syntax-ns#Property",
            "domain":"http://www.openkg.cn/COVID-19/event/class/C3",
            "label":{
                "@language":"zh",
                "@value":"政策内容"
            },
            "range":"http://www.w3.org/2001/XMLSchema#string"
        },
        {
            "@id":"http://www.openkg.cn/COVID-19/event/property/P16",
            "@type":"http://www.w3.org/1999/02/22-rdf-syntax-ns#Property",
            "domain":"http://www.openkg.cn/COVID-19/event/class/C3",
            "label":{
                "@language":"zh",
                "@value":"后续政策"
            },
            "range":"http://www.openkg.cn/COVID-19/event/class/C3"
        }
         ],
    "@context":{
        "label":{
            "@id":"http://www.w3.org/2000/01/rdf-schema#label"
        },
        "range":{
            "@id":"http://www.w3.org/2000/01/rdf-schema#range",
            "@type":"@id"
        },
        "domain":{
            "@id":"http://www.w3.org/2000/01/rdf-schema#domain",
            "@type":"@id"
        },
        "P0":{
            "@id":"http://www.openkg.cn/COVID-19/event/property/P0",
            "@type":"@id"
        },
        "P1":{
            "@id":"http://www.openkg.cn/COVID-19/event/property/P1",
            "@type":"@id"
        },
        "P2":{
            "@id":"http://www.openkg.cn/COVID-19/event/property/P2",
            "@type":"@id"
        },
        "P3":{
            "@id":"http://www.openkg.cn/COVID-19/event/property/P3",
            "@type":"@id"
        },
        "P4":{
            "@id":"http://www.openkg.cn/COVID-19/event/property/P4",
            "@type":"@id"
        },
        "P5":{
            "@id":"http://www.openkg.cn/COVID-19/event/property/P5",
            "@type":"@id"
        },
        "P6":{
            "@id":"http://www.openkg.cn/COVID-19/event/property/P6",
            "@type":"@id"
        },
        "P7":{
            "@id":"http://www.openkg.cn/COVID-19/event/property/P7",
            "@type":"@id"
        },
        "P8":{
            "@id":"http://www.openkg.cn/COVID-19/event/property/P8",
            "@type":"@id"
        },
        "P9":{
            "@id":"http://www.openkg.cn/COVID-19/event/property/P9",
            "@type":"@id"
        },
        "P10":{
            "@id":"http://www.openkg.cn/COVID-19/event/property/P10",
            "@type":"@id"
        },
        "P11":{
            "@id":"http://www.openkg.cn/COVID-19/event/property/P11",
            "@type":"@id"
        },
        "P12":{
            "@id":"http://www.openkg.cn/COVID-19/event/property/P12",
            "@type":"@id"
        },
        "P13":{
            "@id":"http://www.openkg.cn/COVID-19/event/property/P13",
            "@type":"@id"
        },
        "P14":{
            "@id":"http://www.openkg.cn/COVID-19/event/property/P14",
            "@type":"@id"
        },
        "P15":{
            "@id":"http://www.openkg.cn/COVID-19/event/property/P15",
            "@type":"@id"
        },
        "P16":{
            "@id":"http://www.openkg.cn/COVID-19/event/property/P16",
            "@type":"@id"
        }
    }
}